date_key,full_date,year,quarter,month,month_name,year_month,day_of_month,day_of_week,day_name,week_of_year,is_weekend,is_business_night,same_day_last_year
20250201,2025-02-01,2025,1,2,February,2025-02,1,6,Saturday,5,True,False,2024-02-03
20250202,2025-02-02,2025,1,2,February,2025-02,2,7,Sunday,5,True,False,2024-02-04
20250203,2025-02-03,2025,1,2,February,2025-02,3,1,Monday,6,False,True,2024-02-05
20250204,2025-02-04,2025,1,2,February,2025-02,4,2,Tuesday,6,False,True,2024-02-06
20250205,2025-02-05,2025,1,2,February,2025-02,5,3,Wednesday,6,False,True,2024-02-07
20250206,2025-02-06,2025,1,2,February,2025-02,6,4,Thursday,6,False,True,2024-02-08
20250207,2025-02-07,2025,1,2,February,2025-02,7,5,Friday,6,False,False,2024-02-09
20250208,2025-02-08,2025,1,2,February,2025-02,8,6,Saturday,6,True,False,2024-02-10
20250209,2025-02-09,2025,1,2,February,2025-02,9,7,Sunday,6,True,False,2024-02-11
20250210,2025-02-10,2025,1,2,February,2025-02,10,1,Monday,7,False,True,2024-02-12
20250211,2025-02-11,2025,1,2,February,2025-02,11,2,Tuesday,7,False,True,2024-02-13
20250212,2025-02-12,2025,1,2,February,2025-02,12,3,Wednesday,7,False,True,2024-02-14
20250213,2025-02-13,2025,1,2,February,2025-02,13,4,Thursday,7,False,True,2024-02-15
20250214,2025-02-14,2025,1,2,February,2025-02,14,5,Friday,7,False,False,2024-02-16
20250215,2025-02-15,2025,1,2,February,2025-02,15,6,Saturday,7,True,False,2024-02-17
20250216,2025-02-16,2025,1,2,February,2025-02,16,7,Sunday,7,True,False,2024-02-18
20250217,2025-02-17,2025,1,2,February,2025-02,17,1,Monday,8,False,True,2024-02-19
20250218,2025-02-18,2025,1,2,February,2025-02,18,2,Tuesday,8,False,True,2024-02-20
20250219,2025-02-19,2025,1,2,February,2025-02,19,3,Wednesday,8,False,True,2024-02-21
20250220,2025-02-20,2025,1,2,February,2025-02,20,4,Thursday,8,False,True,2024-02-22
20250221,2025-02-21,2025,1,2,February,2025-02,21,5,Friday,8,False,False,2024-02-23
20250222,2025-02-22,2025,1,2,February,2025-02,22,6,Saturday,8,True,False,2024-02-24
20250223,2025-02-23,2025,1,2,February,2025-02,23,7,Sunday,8,True,False,2024-02-25
20250224,2025-02-24,2025,1,2,February,2025-02,24,1,Monday,9,False,True,2024-02-26
20250225,2025-02-25,2025,1,2,February,2025-02,25,2,Tuesday,9,False,True,2024-02-27
20250226,2025-02-26,2025,1,2,February,2025-02,26,3,Wednesday,9,False,True,2024-02-28
20250227,2025-02-27,2025,1,2,February,2025-02,27,4,Thursday,9,False,True,2024-02-29
20250228,2025-02-28,2025,1,2,February,2025-02,28,5,Friday,9,False,False,2024-03-01
20250301,2025-03-01,2025,1,3,March,2025-03,1,6,Saturday,9,True,False,2024-03-02
20250302,2025-03-02,2025,1,3,March,2025-03,2,7,Sunday,9,True,False,2024-03-03
20250303,2025-03-03,2025,1,3,March,2025-03,3,1,Monday,10,False,True,2024-03-04
20250304,2025-03-04,2025,1,3,March,2025-03,4,2,Tuesday,10,False,True,2024-03-05
20250305,2025-03-05,2025,1,3,March,2025-03,5,3,Wednesday,10,False,True,2024-03-06
20250306,2025-03-06,2025,1,3,March,2025-03,6,4,Thursday,10,False,True,2024-03-07
20250307,2025-03-07,2025,1,3,March,2025-03,7,5,Friday,10,False,False,2024-03-08
20250308,2025-03-08,2025,1,3,March,2025-03,8,6,Saturday,10,True,False,2024-03-09
20250309,2025-03-09,2025,1,3,March,2025-03,9,7,Sunday,10,True,False,2024-03-10
20250310,2025-03-10,2025,1,3,March,2025-03,10,1,Monday,11,False,True,2024-03-11
20250311,2025-03-11,2025,1,3,March,2025-03,11,2,Tuesday,11,False,True,2024-03-12
20250312,2025-03-12,2025,1,3,March,2025-03,12,3,Wednesday,11,False,True,2024-03-13
20250313,2025-03-13,2025,1,3,March,2025-03,13,4,Thursday,11,False,True,2024-03-14
20250314,2025-03-14,2025,1,3,March,2025-03,14,5,Friday,11,False,False,2024-03-15
20250315,2025-03-15,2025,1,3,March,2025-03,15,6,Saturday,11,True,False,2024-03-16
20250316,2025-03-16,2025,1,3,March,2025-03,16,7,Sunday,11,True,False,2024-03-17
20250317,2025-03-17,2025,1,3,March,2025-03,17,1,Monday,12,False,True,2024-03-18
20250318,2025-03-18,2025,1,3,March,2025-03,18,2,Tuesday,12,False,True,2024-03-19
20250319,2025-03-19,2025,1,3,March,2025-03,19,3,Wednesday,12,False,True,2024-03-20
20250320,2025-03-20,2025,1,3,March,2025-03,20,4,Thursday,12,False,True,2024-03-21
20250321,2025-03-21,2025,1,3,March,2025-03,21,5,Friday,12,False,False,2024-03-22
20250322,2025-03-22,2025,1,3,March,2025-03,22,6,Saturday,12,True,False,2024-03-23
20250323,2025-03-23,2025,1,3,March,2025-03,23,7,Sunday,12,True,False,2024-03-24
20250324,2025-03-24,2025,1,3,March,2025-03,24,1,Monday,13,False,True,2024-03-25
20250325,2025-03-25,2025,1,3,March,2025-03,25,2,Tuesday,13,False,True,2024-03-26
20250326,2025-03-26,2025,1,3,March,2025-03,26,3,Wednesday,13,False,True,2024-03-27
20250327,2025-03-27,2025,1,3,March,2025-03,27,4,Thursday,13,False,True,2024-03-28
20250328,2025-03-28,2025,1,3,March,2025-03,28,5,Friday,13,False,False,2024-03-29
20250329,2025-03-29,2025,1,3,March,2025-03,29,6,Saturday,13,True,False,2024-03-30
20250330,2025-03-30,2025,1,3,March,2025-03,30,7,Sunday,13,True,False,2024-03-31
20250331,2025-03-31,2025,1,3,March,2025-03,31,1,Monday,14,False,True,2024-04-01
20250401,2025-04-01,2025,2,4,April,2025-04,1,2,Tuesday,14,False,True,2024-04-02
20250402,2025-04-02,2025,2,4,April,2025-04,2,3,Wednesday,14,False,True,2024-04-03
20250403,2025-04-03,2025,2,4,April,2025-04,3,4,Thursday,14,False,True,2024-04-04
20250404,2025-04-04,2025,2,4,April,2025-04,4,5,Friday,14,False,False,2024-04-05
20250405,2025-04-05,2025,2,4,April,2025-04,5,6,Saturday,14,True,False,2024-04-06
20250406,2025-04-06,2025,2,4,April,2025-04,6,7,Sunday,14,True,False,2024-04-07
20250407,2025-04-07,2025,2,4,April,2025-04,7,1,Monday,15,False,True,2024-04-08
20250408,2025-04-08,2025,2,4,April,2025-04,8,2,Tuesday,15,False,True,2024-04-09
20250409,2025-04-09,2025,2,4,April,2025-04,9,3,Wednesday,15,False,True,2024-04-10
20250410,2025-04-10,2025,2,4,April,2025-04,10,4,Thursday,15,False,True,2024-04-11
20250411,2025-04-11,2025,2,4,April,2025-04,11,5,Friday,15,False,False,2024-04-12
20250412,2025-04-12,2025,2,4,April,2025-04,12,6,Saturday,15,True,False,2024-04-13
20250413,2025-04-13,2025,2,4,April,2025-04,13,7,Sunday,15,True,False,2024-04-14
20250414,2025-04-14,2025,2,4,April,2025-04,14,1,Monday,16,False,True,2024-04-15
20250415,2025-04-15,2025,2,4,April,2025-04,15,2,Tuesday,16,False,True,2024-04-16
20250416,2025-04-16,2025,2,4,April,2025-04,16,3,Wednesday,16,False,True,2024-04-17
20250417,2025-04-17,2025,2,4,April,2025-04,17,4,Thursday,16,False,True,2024-04-18
20250418,2025-04-18,2025,2,4,April,2025-04,18,5,Friday,16,False,False,2024-04-19
20250419,2025-04-19,2025,2,4,April,2025-04,19,6,Saturday,16,True,False,2024-04-20
20250420,2025-04-20,2025,2,4,April,2025-04,20,7,Sunday,16,True,False,2024-04-21
20250421,2025-04-21,2025,2,4,April,2025-04,21,1,Monday,17,False,True,2024-04-22
20250422,2025-04-22,2025,2,4,April,2025-04,22,2,Tuesday,17,False,True,2024-04-23
20250423,2025-04-23,2025,2,4,April,2025-04,23,3,Wednesday,17,False,True,2024-04-24
20250424,2025-04-24,2025,2,4,April,2025-04,24,4,Thursday,17,False,True,2024-04-25
20250425,2025-04-25,2025,2,4,April,2025-04,25,5,Friday,17,False,False,2024-04-26
20250426,2025-04-26,2025,2,4,April,2025-04,26,6,Saturday,17,True,False,2024-04-27
20250427,2025-04-27,2025,2,4,April,2025-04,27,7,Sunday,17,True,False,2024-04-28
20250428,2025-04-28,2025,2,4,April,2025-04,28,1,Monday,18,False,True,2024-04-29
20250429,2025-04-29,2025,2,4,April,2025-04,29,2,Tuesday,18,False,True,2024-04-30
20250430,2025-04-30,2025,2,4,April,2025-04,30,3,Wednesday,18,False,True,2024-05-01
20250501,2025-05-01,2025,2,5,May,2025-05,1,4,Thursday,18,False,True,2024-05-02
20250502,2025-05-02,2025,2,5,May,2025-05,2,5,Friday,18,False,False,2024-05-03
20250503,2025-05-03,2025,2,5,May,2025-05,3,6,Saturday,18,True,False,2024-05-04
20250504,2025-05-04,2025,2,5,May,2025-05,4,7,Sunday,18,True,False,2024-05-05
20250505,2025-05-05,2025,2,5,May,2025-05,5,1,Monday,19,False,True,2024-05-06
20250506,2025-05-06,2025,2,5,May,2025-05,6,2,Tuesday,19,False,True,2024-05-07
20250507,2025-05-07,2025,2,5,May,2025-05,7,3,Wednesday,19,False,True,2024-05-08
20250508,2025-05-08,2025,2,5,May,2025-05,8,4,Thursday,19,False,True,2024-05-09
20250509,2025-05-09,2025,2,5,May,2025-05,9,5,Friday,19,False,False,2024-05-10
20250510,2025-05-10,2025,2,5,May,2025-05,10,6,Saturday,19,True,False,2024-05-11
20250511,2025-05-11,2025,2,5,May,2025-05,11,7,Sunday,19,True,False,2024-05-12
20250512,2025-05-12,2025,2,5,May,2025-05,12,1,Monday,20,False,True,2024-05-13
20250513,2025-05-13,2025,2,5,May,2025-05,13,2,Tuesday,20,False,True,2024-05-14
20250514,2025-05-14,2025,2,5,May,2025-05,14,3,Wednesday,20,False,True,2024-05-15
20250515,2025-05-15,2025,2,5,May,2025-05,15,4,Thursday,20,False,True,2024-05-16
20250516,2025-05-16,2025,2,5,May,2025-05,16,5,Friday,20,False,False,2024-05-17
20250517,2025-05-17,2025,2,5,May,2025-05,17,6,Saturday,20,True,False,2024-05-18
20250518,2025-05-18,2025,2,5,May,2025-05,18,7,Sunday,20,True,False,2024-05-19
20250519,2025-05-19,2025,2,5,May,2025-05,19,1,Monday,21,False,True,2024-05-20
20250520,2025-05-20,2025,2,5,May,2025-05,20,2,Tuesday,21,False,True,2024-05-21
20250521,2025-05-21,2025,2,5,May,2025-05,21,3,Wednesday,21,False,True,2024-05-22
20250522,2025-05-22,2025,2,5,May,2025-05,22,4,Thursday,21,False,True,2024-05-23
20250523,2025-05-23,2025,2,5,May,2025-05,23,5,Friday,21,False,False,2024-05-24
20250524,2025-05-24,2025,2,5,May,2025-05,24,6,Saturday,21,True,False,2024-05-25
20250525,2025-05-25,2025,2,5,May,2025-05,25,7,Sunday,21,True,False,2024-05-26
20250526,2025-05-26,2025,2,5,May,2025-05,26,1,Monday,22,False,True,2024-05-27
20250527,2025-05-27,2025,2,5,May,2025-05,27,2,Tuesday,22,False,True,2024-05-28
20250528,2025-05-28,2025,2,5,May,2025-05,28,3,Wednesday,22,False,True,2024-05-29
20250529,2025-05-29,2025,2,5,May,2025-05,29,4,Thursday,22,False,True,2024-05-30
20250530,2025-05-30,2025,2,5,May,2025-05,30,5,Friday,22,False,False,2024-05-31
20250531,2025-05-31,2025,2,5,May,2025-05,31,6,Saturday,22,True,False,2024-06-01
20250601,2025-06-01,2025,2,6,June,2025-06,1,7,Sunday,22,True,False,2024-06-02
20250602,2025-06-02,2025,2,6,June,2025-06,2,1,Monday,23,False,True,2024-06-03
20250603,2025-06-03,2025,2,6,June,2025-06,3,2,Tuesday,23,False,True,2024-06-04
20250604,2025-06-04,2025,2,6,June,2025-06,4,3,Wednesday,23,False,True,2024-06-05
20250605,2025-06-05,2025,2,6,June,2025-06,5,4,Thursday,23,False,True,2024-06-06
20250606,2025-06-06,2025,2,6,June,2025-06,6,5,Friday,23,False,False,2024-06-07
20250607,2025-06-07,2025,2,6,June,2025-06,7,6,Saturday,23,True,False,2024-06-08
20250608,2025-06-08,2025,2,6,June,2025-06,8,7,Sunday,23,True,False,2024-06-09
20250609,2025-06-09,2025,2,6,June,2025-06,9,1,Monday,24,False,True,2024-06-10
20250610,2025-06-10,2025,2,6,June,2025-06,10,2,Tuesday,24,False,True,2024-06-11
20250611,2025-06-11,2025,2,6,June,2025-06,11,3,Wednesday,24,False,True,2024-06-12
20250612,2025-06-12,2025,2,6,June,2025-06,12,4,Thursday,24,False,True,2024-06-13
20250613,2025-06-13,2025,2,6,June,2025-06,13,5,Friday,24,False,False,2024-06-14
20250614,2025-06-14,2025,2,6,June,2025-06,14,6,Saturday,24,True,False,2024-06-15
20250615,2025-06-15,2025,2,6,June,2025-06,15,7,Sunday,24,True,False,2024-06-16
20250616,2025-06-16,2025,2,6,June,2025-06,16,1,Monday,25,False,True,2024-06-17
20250617,2025-06-17,2025,2,6,June,2025-06,17,2,Tuesday,25,False,True,2024-06-18
20250618,2025-06-18,2025,2,6,June,2025-06,18,3,Wednesday,25,False,True,2024-06-19
20250619,2025-06-19,2025,2,6,June,2025-06,19,4,Thursday,25,False,True,2024-06-20
20250620,2025-06-20,2025,2,6,June,2025-06,20,5,Friday,25,False,False,2024-06-21
20250621,2025-06-21,2025,2,6,June,2025-06,21,6,Saturday,25,True,False,2024-06-22
20250622,2025-06-22,2025,2,6,June,2025-06,22,7,Sunday,25,True,False,2024-06-23
20250623,2025-06-23,2025,2,6,June,2025-06,23,1,Monday,26,False,True,2024-06-24
20250624,2025-06-24,2025,2,6,June,2025-06,24,2,Tuesday,26,False,True,2024-06-25
20250625,2025-06-25,2025,2,6,June,2025-06,25,3,Wednesday,26,False,True,2024-06-26
20250626,2025-06-26,2025,2,6,June,2025-06,26,4,Thursday,26,False,True,2024-06-27
20250627,2025-06-27,2025,2,6,June,2025-06,27,5,Friday,26,False,False,2024-06-28
20250628,2025-06-28,2025,2,6,June,2025-06,28,6,Saturday,26,True,False,2024-06-29
20250629,2025-06-29,2025,2,6,June,2025-06,29,7,Sunday,26,True,False,2024-06-30
20250630,2025-06-30,2025,2,6,June,2025-06,30,1,Monday,27,False,True,2024-07-01
20250701,2025-07-01,2025,3,7,July,2025-07,1,2,Tuesday,27,False,True,2024-07-02
20250702,2025-07-02,2025,3,7,July,2025-07,2,3,Wednesday,27,False,True,2024-07-03
20250703,2025-07-03,2025,3,7,July,2025-07,3,4,Thursday,27,False,True,2024-07-04
20250704,2025-07-04,2025,3,7,July,2025-07,4,5,Friday,27,False,False,2024-07-05
20250705,2025-07-05,2025,3,7,July,2025-07,5,6,Saturday,27,True,False,2024-07-06
20250706,2025-07-06,2025,3,7,July,2025-07,6,7,Sunday,27,True,False,2024-07-07
20250707,2025-07-07,2025,3,7,July,2025-07,7,1,Monday,28,False,True,2024-07-08
20250708,2025-07-08,2025,3,7,July,2025-07,8,2,Tuesday,28,False,True,2024-07-09
20250709,2025-07-09,2025,3,7,July,2025-07,9,3,Wednesday,28,False,True,2024-07-10
20250710,2025-07-10,2025,3,7,July,2025-07,10,4,Thursday,28,False,True,2024-07-11
20250711,2025-07-11,2025,3,7,July,2025-07,11,5,Friday,28,False,False,2024-07-12
20250712,2025-07-12,2025,3,7,July,2025-07,12,6,Saturday,28,True,False,2024-07-13
20250713,2025-07-13,2025,3,7,July,2025-07,13,7,Sunday,28,True,False,2024-07-14
20250714,2025-07-14,2025,3,7,July,2025-07,14,1,Monday,29,False,True,2024-07-15
20250715,2025-07-15,2025,3,7,July,2025-07,15,2,Tuesday,29,False,True,2024-07-16
20250716,2025-07-16,2025,3,7,July,2025-07,16,3,Wednesday,29,False,True,2024-07-17
20250717,2025-07-17,2025,3,7,July,2025-07,17,4,Thursday,29,False,True,2024-07-18
20250718,2025-07-18,2025,3,7,July,2025-07,18,5,Friday,29,False,False,2024-07-19
20250719,2025-07-19,2025,3,7,July,2025-07,19,6,Saturday,29,True,False,2024-07-20
20250720,2025-07-20,2025,3,7,July,2025-07,20,7,Sunday,29,True,False,2024-07-21
20250721,2025-07-21,2025,3,7,July,2025-07,21,1,Monday,30,False,True,2024-07-22
20250722,2025-07-22,2025,3,7,July,2025-07,22,2,Tuesday,30,False,True,2024-07-23
20250723,2025-07-23,2025,3,7,July,2025-07,23,3,Wednesday,30,False,True,2024-07-24
20250724,2025-07-24,2025,3,7,July,2025-07,24,4,Thursday,30,False,True,2024-07-25
20250725,2025-07-25,2025,3,7,July,2025-07,25,5,Friday,30,False,False,2024-07-26
20250726,2025-07-26,2025,3,7,July,2025-07,26,6,Saturday,30,True,False,2024-07-27
20250727,2025-07-27,2025,3,7,July,2025-07,27,7,Sunday,30,True,False,2024-07-28
20250728,2025-07-28,2025,3,7,July,2025-07,28,1,Monday,31,False,True,2024-07-29
20250729,2025-07-29,2025,3,7,July,2025-07,29,2,Tuesday,31,False,True,2024-07-30
20250730,2025-07-30,2025,3,7,July,2025-07,30,3,Wednesday,31,False,True,2024-07-31
20250731,2025-07-31,2025,3,7,July,2025-07,31,4,Thursday,31,False,True,2024-08-01
20250801,2025-08-01,2025,3,8,August,2025-08,1,5,Friday,31,False,False,2024-08-02
20250802,2025-08-02,2025,3,8,August,2025-08,2,6,Saturday,31,True,False,2024-08-03
20250803,2025-08-03,2025,3,8,August,2025-08,3,7,Sunday,31,True,False,2024-08-04
20250804,2025-08-04,2025,3,8,August,2025-08,4,1,Monday,32,False,True,2024-08-05
20250805,2025-08-05,2025,3,8,August,2025-08,5,2,Tuesday,32,False,True,2024-08-06
20250806,2025-08-06,2025,3,8,August,2025-08,6,3,Wednesday,32,False,True,2024-08-07
20250807,2025-08-07,2025,3,8,August,2025-08,7,4,Thursday,32,False,True,2024-08-08
20250808,2025-08-08,2025,3,8,August,2025-08,8,5,Friday,32,False,False,2024-08-09
20250809,2025-08-09,2025,3,8,August,2025-08,9,6,Saturday,32,True,False,2024-08-10
20250810,2025-08-10,2025,3,8,August,2025-08,10,7,Sunday,32,True,False,2024-08-11
20250811,2025-08-11,2025,3,8,August,2025-08,11,1,Monday,33,False,True,2024-08-12
20250812,2025-08-12,2025,3,8,August,2025-08,12,2,Tuesday,33,False,True,2024-08-13
20250813,2025-08-13,2025,3,8,August,2025-08,13,3,Wednesday,33,False,True,2024-08-14
20250814,2025-08-14,2025,3,8,August,2025-08,14,4,Thursday,33,False,True,2024-08-15
20250815,2025-08-15,2025,3,8,August,2025-08,15,5,Friday,33,False,False,2024-08-16
20250816,2025-08-16,2025,3,8,August,2025-08,16,6,Saturday,33,True,False,2024-08-17
20250817,2025-08-17,2025,3,8,August,2025-08,17,7,Sunday,33,True,False,2024-08-18
20250818,2025-08-18,2025,3,8,August,2025-08,18,1,Monday,34,False,True,2024-08-19
20250819,2025-08-19,2025,3,8,August,2025-08,19,2,Tuesday,34,False,True,2024-08-20
20250820,2025-08-20,2025,3,8,August,2025-08,20,3,Wednesday,34,False,True,2024-08-21
20250821,2025-08-21,2025,3,8,August,2025-08,21,4,Thursday,34,False,True,2024-08-22
20250822,2025-08-22,2025,3,8,August,2025-08,22,5,Friday,34,False,False,2024-08-23
20250823,2025-08-23,2025,3,8,August,2025-08,23,6,Saturday,34,True,False,2024-08-24
20250824,2025-08-24,2025,3,8,August,2025-08,24,7,Sunday,34,True,False,2024-08-25
20250825,2025-08-25,2025,3,8,August,2025-08,25,1,Monday,35,False,True,2024-08-26
20250826,2025-08-26,2025,3,8,August,2025-08,26,2,Tuesday,35,False,True,2024-08-27
20250827,2025-08-27,2025,3,8,August,2025-08,27,3,Wednesday,35,False,True,2024-08-28
20250828,2025-08-28,2025,3,8,August,2025-08,28,4,Thursday,35,False,True,2024-08-29
20250829,2025-08-29,2025,3,8,August,2025-08,29,5,Friday,35,False,False,2024-08-30
20250830,2025-08-30,2025,3,8,August,2025-08,30,6,Saturday,35,True,False,2024-08-31
20250831,2025-08-31,2025,3,8,August,2025-08,31,7,Sunday,35,True,False,2024-09-01
20250901,2025-09-01,2025,3,9,September,2025-09,1,1,Monday,36,False,True,2024-09-02
20250902,2025-09-02,2025,3,9,September,2025-09,2,2,Tuesday,36,False,True,2024-09-03
20250903,2025-09-03,2025,3,9,September,2025-09,3,3,Wednesday,36,False,True,2024-09-04
20250904,2025-09-04,2025,3,9,September,2025-09,4,4,Thursday,36,False,True,2024-09-05
20250905,2025-09-05,2025,3,9,September,2025-09,5,5,Friday,36,False,False,2024-09-06
20250906,2025-09-06,2025,3,9,September,2025-09,6,6,Saturday,36,True,False,2024-09-07
20250907,2025-09-07,2025,3,9,September,2025-09,7,7,Sunday,36,True,False,2024-09-08
20250908,2025-09-08,2025,3,9,September,2025-09,8,1,Monday,37,False,True,2024-09-09
20250909,2025-09-09,2025,3,9,September,2025-09,9,2,Tuesday,37,False,True,2024-09-10
20250910,2025-09-10,2025,3,9,September,2025-09,10,3,Wednesday,37,False,True,2024-09-11
20250911,2025-09-11,2025,3,9,September,2025-09,11,4,Thursday,37,False,True,2024-09-12
20250912,2025-09-12,2025,3,9,September,2025-09,12,5,Friday,37,False,False,2024-09-13
20250913,2025-09-13,2025,3,9,September,2025-09,13,6,Saturday,37,True,False,2024-09-14
20250914,2025-09-14,2025,3,9,September,2025-09,14,7,Sunday,37,True,False,2024-09-15
20250915,2025-09-15,2025,3,9,September,2025-09,15,1,Monday,38,False,True,2024-09-16
20250916,2025-09-16,2025,3,9,September,2025-09,16,2,Tuesday,38,False,True,2024-09-17
20250917,2025-09-17,2025,3,9,September,2025-09,17,3,Wednesday,38,False,True,2024-09-18
20250918,2025-09-18,2025,3,9,September,2025-09,18,4,Thursday,38,False,True,2024-09-19
20250919,2025-09-19,2025,3,9,September,2025-09,19,5,Friday,38,False,False,2024-09-20
20250920,2025-09-20,2025,3,9,September,2025-09,20,6,Saturday,38,True,False,2024-09-21
20250921,2025-09-21,2025,3,9,September,2025-09,21,7,Sunday,38,True,False,2024-09-22
20250922,2025-09-22,2025,3,9,September,2025-09,22,1,Monday,39,False,True,2024-09-23
20250923,2025-09-23,2025,3,9,September,2025-09,23,2,Tuesday,39,False,True,2024-09-24
20250924,2025-09-24,2025,3,9,September,2025-09,24,3,Wednesday,39,False,True,2024-09-25
20250925,2025-09-25,2025,3,9,September,2025-09,25,4,Thursday,39,False,True,2024-09-26
20250926,2025-09-26,2025,3,9,September,2025-09,26,5,Friday,39,False,False,2024-09-27
20250927,2025-09-27,2025,3,9,September,2025-09,27,6,Saturday,39,True,False,2024-09-28
20250928,2025-09-28,2025,3,9,September,2025-09,28,7,Sunday,39,True,False,2024-09-29
20250929,2025-09-29,2025,3,9,September,2025-09,29,1,Monday,40,False,True,2024-09-30
20250930,2025-09-30,2025,3,9,September,2025-09,30,2,Tuesday,40,False,True,2024-10-01
20251001,2025-10-01,2025,4,10,October,2025-10,1,3,Wednesday,40,False,True,2024-10-02
20251002,2025-10-02,2025,4,10,October,2025-10,2,4,Thursday,40,False,True,2024-10-03
20251003,2025-10-03,2025,4,10,October,2025-10,3,5,Friday,40,False,False,2024-10-04
20251004,2025-10-04,2025,4,10,October,2025-10,4,6,Saturday,40,True,False,2024-10-05
20251005,2025-10-05,2025,4,10,October,2025-10,5,7,Sunday,40,True,False,2024-10-06
20251006,2025-10-06,2025,4,10,October,2025-10,6,1,Monday,41,False,True,2024-10-07
20251007,2025-10-07,2025,4,10,October,2025-10,7,2,Tuesday,41,False,True,2024-10-08
20251008,2025-10-08,2025,4,10,October,2025-10,8,3,Wednesday,41,False,True,2024-10-09
20251009,2025-10-09,2025,4,10,October,2025-10,9,4,Thursday,41,False,True,2024-10-10
20251010,2025-10-10,2025,4,10,October,2025-10,10,5,Friday,41,False,False,2024-10-11
20251011,2025-10-11,2025,4,10,October,2025-10,11,6,Saturday,41,True,False,2024-10-12
20251012,2025-10-12,2025,4,10,October,2025-10,12,7,Sunday,41,True,False,2024-10-13
20251013,2025-10-13,2025,4,10,October,2025-10,13,1,Monday,42,False,True,2024-10-14
20251014,2025-10-14,2025,4,10,October,2025-10,14,2,Tuesday,42,False,True,2024-10-15
20251015,2025-10-15,2025,4,10,October,2025-10,15,3,Wednesday,42,False,True,2024-10-16
20251016,2025-10-16,2025,4,10,October,2025-10,16,4,Thursday,42,False,True,2024-10-17
20251017,2025-10-17,2025,4,10,October,2025-10,17,5,Friday,42,False,False,2024-10-18
20251018,2025-10-18,2025,4,10,October,2025-10,18,6,Saturday,42,True,False,2024-10-19
20251019,2025-10-19,2025,4,10,October,2025-10,19,7,Sunday,42,True,False,2024-10-20
20251020,2025-10-20,2025,4,10,October,2025-10,20,1,Monday,43,False,True,2024-10-21
20251021,2025-10-21,2025,4,10,October,2025-10,21,2,Tuesday,43,False,True,2024-10-22
20251022,2025-10-22,2025,4,10,October,2025-10,22,3,Wednesday,43,False,True,2024-10-23
20251023,2025-10-23,2025,4,10,October,2025-10,23,4,Thursday,43,False,True,2024-10-24
20251024,2025-10-24,2025,4,10,October,2025-10,24,5,Friday,43,False,False,2024-10-25
20251025,2025-10-25,2025,4,10,October,2025-10,25,6,Saturday,43,True,False,2024-10-26
20251026,2025-10-26,2025,4,10,October,2025-10,26,7,Sunday,43,True,False,2024-10-27
20251027,2025-10-27,2025,4,10,October,2025-10,27,1,Monday,44,False,True,2024-10-28
20251028,2025-10-28,2025,4,10,October,2025-10,28,2,Tuesday,44,False,True,2024-10-29
20251029,2025-10-29,2025,4,10,October,2025-10,29,3,Wednesday,44,False,True,2024-10-30
20251030,2025-10-30,2025,4,10,October,2025-10,30,4,Thursday,44,False,True,2024-10-31
20251031,2025-10-31,2025,4,10,October,2025-10,31,5,Friday,44,False,False,2024-11-01
20251101,2025-11-01,2025,4,11,November,2025-11,1,6,Saturday,44,True,False,2024-11-02
20251102,2025-11-02,2025,4,11,November,2025-11,2,7,Sunday,44,True,False,2024-11-03
20251103,2025-11-03,2025,4,11,November,2025-11,3,1,Monday,45,False,True,2024-11-04
20251104,2025-11-04,2025,4,11,November,2025-11,4,2,Tuesday,45,False,True,2024-11-05
20251105,2025-11-05,2025,4,11,November,2025-11,5,3,Wednesday,45,False,True,2024-11-06
20251106,2025-11-06,2025,4,11,November,2025-11,6,4,Thursday,45,False,True,2024-11-07
20251107,2025-11-07,2025,4,11,November,2025-11,7,5,Friday,45,False,False,2024-11-08
20251108,2025-11-08,2025,4,11,November,2025-11,8,6,Saturday,45,True,False,2024-11-09
20251109,2025-11-09,2025,4,11,November,2025-11,9,7,Sunday,45,True,False,2024-11-10
20251110,2025-11-10,2025,4,11,November,2025-11,10,1,Monday,46,False,True,2024-11-11
20251111,2025-11-11,2025,4,11,November,2025-11,11,2,Tuesday,46,False,True,2024-11-12
20251112,2025-11-12,2025,4,11,November,2025-11,12,3,Wednesday,46,False,True,2024-11-13
20251113,2025-11-13,2025,4,11,November,2025-11,13,4,Thursday,46,False,True,2024-11-14
20251114,2025-11-14,2025,4,11,November,2025-11,14,5,Friday,46,False,False,2024-11-15
20251115,2025-11-15,2025,4,11,November,2025-11,15,6,Saturday,46,True,False,2024-11-16
20251116,2025-11-16,2025,4,11,November,2025-11,16,7,Sunday,46,True,False,2024-11-17
20251117,2025-11-17,2025,4,11,November,2025-11,17,1,Monday,47,False,True,2024-11-18
20251118,2025-11-18,2025,4,11,November,2025-11,18,2,Tuesday,47,False,True,2024-11-19
20251119,2025-11-19,2025,4,11,November,2025-11,19,3,Wednesday,47,False,True,2024-11-20
20251120,2025-11-20,2025,4,11,November,2025-11,20,4,Thursday,47,False,True,2024-11-21
20251121,2025-11-21,2025,4,11,November,2025-11,21,5,Friday,47,False,False,2024-11-22
20251122,2025-11-22,2025,4,11,November,2025-11,22,6,Saturday,47,True,False,2024-11-23
20251123,2025-11-23,2025,4,11,November,2025-11,23,7,Sunday,47,True,False,2024-11-24
20251124,2025-11-24,2025,4,11,November,2025-11,24,1,Monday,48,False,True,2024-11-25
20251125,2025-11-25,2025,4,11,November,2025-11,25,2,Tuesday,48,False,True,2024-11-26
20251126,2025-11-26,2025,4,11,November,2025-11,26,3,Wednesday,48,False,True,2024-11-27
20251127,2025-11-27,2025,4,11,November,2025-11,27,4,Thursday,48,False,True,2024-11-28
20251128,2025-11-28,2025,4,11,November,2025-11,28,5,Friday,48,False,False,2024-11-29
20251129,2025-11-29,2025,4,11,November,2025-11,29,6,Saturday,48,True,False,2024-11-30
20251130,2025-11-30,2025,4,11,November,2025-11,30,7,Sunday,48,True,False,2024-12-01
20251201,2025-12-01,2025,4,12,December,2025-12,1,1,Monday,49,False,True,2024-12-02
20251202,2025-12-02,2025,4,12,December,2025-12,2,2,Tuesday,49,False,True,2024-12-03
20251203,2025-12-03,2025,4,12,December,2025-12,3,3,Wednesday,49,False,True,2024-12-04
20251204,2025-12-04,2025,4,12,December,2025-12,4,4,Thursday,49,False,True,2024-12-05
20251205,2025-12-05,2025,4,12,December,2025-12,5,5,Friday,49,False,False,2024-12-06
20251206,2025-12-06,2025,4,12,December,2025-12,6,6,Saturday,49,True,False,2024-12-07
20251207,2025-12-07,2025,4,12,December,2025-12,7,7,Sunday,49,True,False,2024-12-08
20251208,2025-12-08,2025,4,12,December,2025-12,8,1,Monday,50,False,True,2024-12-09
20251209,2025-12-09,2025,4,12,December,2025-12,9,2,Tuesday,50,False,True,2024-12-10
20251210,2025-12-10,2025,4,12,December,2025-12,10,3,Wednesday,50,False,True,2024-12-11
20251211,2025-12-11,2025,4,12,December,2025-12,11,4,Thursday,50,False,True,2024-12-12
20251212,2025-12-12,2025,4,12,December,2025-12,12,5,Friday,50,False,False,2024-12-13
20251213,2025-12-13,2025,4,12,December,2025-12,13,6,Saturday,50,True,False,2024-12-14
20251214,2025-12-14,2025,4,12,December,2025-12,14,7,Sunday,50,True,False,2024-12-15
20251215,2025-12-15,2025,4,12,December,2025-12,15,1,Monday,51,False,True,2024-12-16
20251216,2025-12-16,2025,4,12,December,2025-12,16,2,Tuesday,51,False,True,2024-12-17
20251217,2025-12-17,2025,4,12,December,2025-12,17,3,Wednesday,51,False,True,2024-12-18
20251218,2025-12-18,2025,4,12,December,2025-12,18,4,Thursday,51,False,True,2024-12-19
20251219,2025-12-19,2025,4,12,December,2025-12,19,5,Friday,51,False,False,2024-12-20
20251220,2025-12-20,2025,4,12,December,2025-12,20,6,Saturday,51,True,False,2024-12-21
20251221,2025-12-21,2025,4,12,December,2025-12,21,7,Sunday,51,True,False,2024-12-22
20251222,2025-12-22,2025,4,12,December,2025-12,22,1,Monday,52,False,True,2024-12-23
20251223,2025-12-23,2025,4,12,December,2025-12,23,2,Tuesday,52,False,True,2024-12-24
20251224,2025-12-24,2025,4,12,December,2025-12,24,3,Wednesday,52,False,True,2024-12-25
20251225,2025-12-25,2025,4,12,December,2025-12,25,4,Thursday,52,False,True,2024-12-26
20251226,2025-12-26,2025,4,12,December,2025-12,26,5,Friday,52,False,False,2024-12-27
20251227,2025-12-27,2025,4,12,December,2025-12,27,6,Saturday,52,True,False,2024-12-28
20251228,2025-12-28,2025,4,12,December,2025-12,28,7,Sunday,52,True,False,2024-12-29
20251229,2025-12-29,2025,4,12,December,2025-12,29,1,Monday,1,False,True,2024-12-30
20251230,2025-12-30,2025,4,12,December,2025-12,30,2,Tuesday,1,False,True,2024-12-31
20251231,2025-12-31,2025,4,12,December,2025-12,31,3,Wednesday,1,False,True,2025-01-01
20260101,2026-01-01,2026,1,1,January,2026-01,1,4,Thursday,1,False,True,2025-01-02
20260102,2026-01-02,2026,1,1,January,2026-01,2,5,Friday,1,False,False,2025-01-03
20260103,2026-01-03,2026,1,1,January,2026-01,3,6,Saturday,1,True,False,2025-01-04
20260104,2026-01-04,2026,1,1,January,2026-01,4,7,Sunday,1,True,False,2025-01-05
20260105,2026-01-05,2026,1,1,January,2026-01,5,1,Monday,2,False,True,2025-01-06
20260106,2026-01-06,2026,1,1,January,2026-01,6,2,Tuesday,2,False,True,2025-01-07
20260107,2026-01-07,2026,1,1,January,2026-01,7,3,Wednesday,2,False,True,2025-01-08
20260108,2026-01-08,2026,1,1,January,2026-01,8,4,Thursday,2,False,True,2025-01-09
20260109,2026-01-09,2026,1,1,January,2026-01,9,5,Friday,2,False,False,2025-01-10
20260110,2026-01-10,2026,1,1,January,2026-01,10,6,Saturday,2,True,False,2025-01-11
20260111,2026-01-11,2026,1,1,January,2026-01,11,7,Sunday,2,True,False,2025-01-12
20260112,2026-01-12,2026,1,1,January,2026-01,12,1,Monday,3,False,True,2025-01-13
20260113,2026-01-13,2026,1,1,January,2026-01,13,2,Tuesday,3,False,True,2025-01-14
20260114,2026-01-14,2026,1,1,January,2026-01,14,3,Wednesday,3,False,True,2025-01-15
20260115,2026-01-15,2026,1,1,January,2026-01,15,4,Thursday,3,False,True,2025-01-16
20260116,2026-01-16,2026,1,1,January,2026-01,16,5,Friday,3,False,False,2025-01-17
20260117,2026-01-17,2026,1,1,January,2026-01,17,6,Saturday,3,True,False,2025-01-18
20260118,2026-01-18,2026,1,1,January,2026-01,18,7,Sunday,3,True,False,2025-01-19
20260119,2026-01-19,2026,1,1,January,2026-01,19,1,Monday,4,False,True,2025-01-20
20260120,2026-01-20,2026,1,1,January,2026-01,20,2,Tuesday,4,False,True,2025-01-21
20260121,2026-01-21,2026,1,1,January,2026-01,21,3,Wednesday,4,False,True,2025-01-22
20260122,2026-01-22,2026,1,1,January,2026-01,22,4,Thursday,4,False,True,2025-01-23
20260123,2026-01-23,2026,1,1,January,2026-01,23,5,Friday,4,False,False,2025-01-24
20260124,2026-01-24,2026,1,1,January,2026-01,24,6,Saturday,4,True,False,2025-01-25
20260125,2026-01-25,2026,1,1,January,2026-01,25,7,Sunday,4,True,False,2025-01-26
20260126,2026-01-26,2026,1,1,January,2026-01,26,1,Monday,5,False,True,2025-01-27
20260127,2026-01-27,2026,1,1,January,2026-01,27,2,Tuesday,5,False,True,2025-01-28
20260128,2026-01-28,2026,1,1,January,2026-01,28,3,Wednesday,5,False,True,2025-01-29
20260129,2026-01-29,2026,1,1,January,2026-01,29,4,Thursday,5,False,True,2025-01-30
20260130,2026-01-30,2026,1,1,January,2026-01,30,5,Friday,5,False,False,2025-01-31
20260131,2026-01-31,2026,1,1,January,2026-01,31,6,Saturday,5,True,False,2025-02-01
20260201,2026-02-01,2026,1,2,February,2026-02,1,7,Sunday,5,True,False,2025-02-02
20260202,2026-02-02,2026,1,2,February,2026-02,2,1,Monday,6,False,True,2025-02-03
20260203,2026-02-03,2026,1,2,February,2026-02,3,2,Tuesday,6,False,True,2025-02-04
20260204,2026-02-04,2026,1,2,February,2026-02,4,3,Wednesday,6,False,True,2025-02-05
20260205,2026-02-05,2026,1,2,February,2026-02,5,4,Thursday,6,False,True,2025-02-06
20260206,2026-02-06,2026,1,2,February,2026-02,6,5,Friday,6,False,False,2025-02-07
20260207,2026-02-07,2026,1,2,February,2026-02,7,6,Saturday,6,True,False,2025-02-08
20260208,2026-02-08,2026,1,2,February,2026-02,8,7,Sunday,6,True,False,2025-02-09
20260209,2026-02-09,2026,1,2,February,2026-02,9,1,Monday,7,False,True,2025-02-10
20260210,2026-02-10,2026,1,2,February,2026-02,10,2,Tuesday,7,False,True,2025-02-11
20260211,2026-02-11,2026,1,2,February,2026-02,11,3,Wednesday,7,False,True,2025-02-12
20260212,2026-02-12,2026,1,2,February,2026-02,12,4,Thursday,7,False,True,2025-02-13
20260213,2026-02-13,2026,1,2,February,2026-02,13,5,Friday,7,False,False,2025-02-14
20260214,2026-02-14,2026,1,2,February,2026-02,14,6,Saturday,7,True,False,2025-02-15
20260215,2026-02-15,2026,1,2,February,2026-02,15,7,Sunday,7,True,False,2025-02-16
20260216,2026-02-16,2026,1,2,February,2026-02,16,1,Monday,8,False,True,2025-02-17
20260217,2026-02-17,2026,1,2,February,2026-02,17,2,Tuesday,8,False,True,2025-02-18
20260218,2026-02-18,2026,1,2,February,2026-02,18,3,Wednesday,8,False,True,2025-02-19
20260219,2026-02-19,2026,1,2,February,2026-02,19,4,Thursday,8,False,True,2025-02-20
20260220,2026-02-20,2026,1,2,February,2026-02,20,5,Friday,8,False,False,2025-02-21
20260221,2026-02-21,2026,1,2,February,2026-02,21,6,Saturday,8,True,False,2025-02-22
20260222,2026-02-22,2026,1,2,February,2026-02,22,7,Sunday,8,True,False,2025-02-23
20260223,2026-02-23,2026,1,2,February,2026-02,23,1,Monday,9,False,True,2025-02-24
20260224,2026-02-24,2026,1,2,February,2026-02,24,2,Tuesday,9,False,True,2025-02-25
20260225,2026-02-25,2026,1,2,February,2026-02,25,3,Wednesday,9,False,True,2025-02-26
20260226,2026-02-26,2026,1,2,February,2026-02,26,4,Thursday,9,False,True,2025-02-27
20260227,2026-02-27,2026,1,2,February,2026-02,27,5,Friday,9,False,False,2025-02-28
20260228,2026-02-28,2026,1,2,February,2026-02,28,6,Saturday,9,True,False,2025-03-01
20260301,2026-03-01,2026,1,3,March,2026-03,1,7,Sunday,9,True,False,2025-03-02
20260302,2026-03-02,2026,1,3,March,2026-03,2,1,Monday,10,False,True,2025-03-03
20260303,2026-03-03,2026,1,3,March,2026-03,3,2,Tuesday,10,False,True,2025-03-04
20260304,2026-03-04,2026,1,3,March,2026-03,4,3,Wednesday,10,False,True,2025-03-05
20260305,2026-03-05,2026,1,3,March,2026-03,5,4,Thursday,10,False,True,2025-03-06
20260306,2026-03-06,2026,1,3,March,2026-03,6,5,Friday,10,False,False,2025-03-07
20260307,2026-03-07,2026,1,3,March,2026-03,7,6,Saturday,10,True,False,2025-03-08
20260308,2026-03-08,2026,1,3,March,2026-03,8,7,Sunday,10,True,False,2025-03-09
20260309,2026-03-09,2026,1,3,March,2026-03,9,1,Monday,11,False,True,2025-03-10
20260310,2026-03-10,2026,1,3,March,2026-03,10,2,Tuesday,11,False,True,2025-03-11
20260311,2026-03-11,2026,1,3,March,2026-03,11,3,Wednesday,11,False,True,2025-03-12
20260312,2026-03-12,2026,1,3,March,2026-03,12,4,Thursday,11,False,True,2025-03-13
20260313,2026-03-13,2026,1,3,March,2026-03,13,5,Friday,11,False,False,2025-03-14
20260314,2026-03-14,2026,1,3,March,2026-03,14,6,Saturday,11,True,False,2025-03-15
20260315,2026-03-15,2026,1,3,March,2026-03,15,7,Sunday,11,True,False,2025-03-16
20260316,2026-03-16,2026,1,3,March,2026-03,16,1,Monday,12,False,True,2025-03-17
20260317,2026-03-17,2026,1,3,March,2026-03,17,2,Tuesday,12,False,True,2025-03-18
20260318,2026-03-18,2026,1,3,March,2026-03,18,3,Wednesday,12,False,True,2025-03-19
20260319,2026-03-19,2026,1,3,March,2026-03,19,4,Thursday,12,False,True,2025-03-20
20260320,2026-03-20,2026,1,3,March,2026-03,20,5,Friday,12,False,False,2025-03-21
20260321,2026-03-21,2026,1,3,March,2026-03,21,6,Saturday,12,True,False,2025-03-22
20260322,2026-03-22,2026,1,3,March,2026-03,22,7,Sunday,12,True,False,2025-03-23
20260323,2026-03-23,2026,1,3,March,2026-03,23,1,Monday,13,False,True,2025-03-24
20260324,2026-03-24,2026,1,3,March,2026-03,24,2,Tuesday,13,False,True,2025-03-25
20260325,2026-03-25,2026,1,3,March,2026-03,25,3,Wednesday,13,False,True,2025-03-26
20260326,2026-03-26,2026,1,3,March,2026-03,26,4,Thursday,13,False,True,2025-03-27
20260327,2026-03-27,2026,1,3,March,2026-03,27,5,Friday,13,False,False,2025-03-28
20260328,2026-03-28,2026,1,3,March,2026-03,28,6,Saturday,13,True,False,2025-03-29
20260329,2026-03-29,2026,1,3,March,2026-03,29,7,Sunday,13,True,False,2025-03-30
20260330,2026-03-30,2026,1,3,March,2026-03,30,1,Monday,14,False,True,2025-03-31
20260331,2026-03-31,2026,1,3,March,2026-03,31,2,Tuesday,14,False,True,2025-04-01
20260401,2026-04-01,2026,2,4,April,2026-04,1,3,Wednesday,14,False,True,2025-04-02
20260402,2026-04-02,2026,2,4,April,2026-04,2,4,Thursday,14,False,True,2025-04-03
20260403,2026-04-03,2026,2,4,April,2026-04,3,5,Friday,14,False,False,2025-04-04
20260404,2026-04-04,2026,2,4,April,2026-04,4,6,Saturday,14,True,False,2025-04-05
20260405,2026-04-05,2026,2,4,April,2026-04,5,7,Sunday,14,True,False,2025-04-06
20260406,2026-04-06,2026,2,4,April,2026-04,6,1,Monday,15,False,True,2025-04-07
20260407,2026-04-07,2026,2,4,April,2026-04,7,2,Tuesday,15,False,True,2025-04-08
20260408,2026-04-08,2026,2,4,April,2026-04,8,3,Wednesday,15,False,True,2025-04-09
20260409,2026-04-09,2026,2,4,April,2026-04,9,4,Thursday,15,False,True,2025-04-10
20260410,2026-04-10,2026,2,4,April,2026-04,10,5,Friday,15,False,False,2025-04-11
20260411,2026-04-11,2026,2,4,April,2026-04,11,6,Saturday,15,True,False,2025-04-12
20260412,2026-04-12,2026,2,4,April,2026-04,12,7,Sunday,15,True,False,2025-04-13
20260413,2026-04-13,2026,2,4,April,2026-04,13,1,Monday,16,False,True,2025-04-14
20260414,2026-04-14,2026,2,4,April,2026-04,14,2,Tuesday,16,False,True,2025-04-15
20260415,2026-04-15,2026,2,4,April,2026-04,15,3,Wednesday,16,False,True,2025-04-16
20260416,2026-04-16,2026,2,4,April,2026-04,16,4,Thursday,16,False,True,2025-04-17
20260417,2026-04-17,2026,2,4,April,2026-04,17,5,Friday,16,False,False,2025-04-18
20260418,2026-04-18,2026,2,4,April,2026-04,18,6,Saturday,16,True,False,2025-04-19
20260419,2026-04-19,2026,2,4,April,2026-04,19,7,Sunday,16,True,False,2025-04-20
20260420,2026-04-20,2026,2,4,April,2026-04,20,1,Monday,17,False,True,2025-04-21
20260421,2026-04-21,2026,2,4,April,2026-04,21,2,Tuesday,17,False,True,2025-04-22
20260422,2026-04-22,2026,2,4,April,2026-04,22,3,Wednesday,17,False,True,2025-04-23
20260423,2026-04-23,2026,2,4,April,2026-04,23,4,Thursday,17,False,True,2025-04-24
20260424,2026-04-24,2026,2,4,April,2026-04,24,5,Friday,17,False,False,2025-04-25
20260425,2026-04-25,2026,2,4,April,2026-04,25,6,Saturday,17,True,False,2025-04-26
20260426,2026-04-26,2026,2,4,April,2026-04,26,7,Sunday,17,True,False,2025-04-27
20260427,2026-04-27,2026,2,4,April,2026-04,27,1,Monday,18,False,True,2025-04-28
20260428,2026-04-28,2026,2,4,April,2026-04,28,2,Tuesday,18,False,True,2025-04-29
20260429,2026-04-29,2026,2,4,April,2026-04,29,3,Wednesday,18,False,True,2025-04-30
20260430,2026-04-30,2026,2,4,April,2026-04,30,4,Thursday,18,False,True,2025-05-01
20260501,2026-05-01,2026,2,5,May,2026-05,1,5,Friday,18,False,False,2025-05-02
20260502,2026-05-02,2026,2,5,May,2026-05,2,6,Saturday,18,True,False,2025-05-03
20260503,2026-05-03,2026,2,5,May,2026-05,3,7,Sunday,18,True,False,2025-05-04
20260504,2026-05-04,2026,2,5,May,2026-05,4,1,Monday,19,False,True,2025-05-05
20260505,2026-05-05,2026,2,5,May,2026-05,5,2,Tuesday,19,False,True,2025-05-06
20260506,2026-05-06,2026,2,5,May,2026-05,6,3,Wednesday,19,False,True,2025-05-07
20260507,2026-05-07,2026,2,5,May,2026-05,7,4,Thursday,19,False,True,2025-05-08
20260508,2026-05-08,2026,2,5,May,2026-05,8,5,Friday,19,False,False,2025-05-09
20260509,2026-05-09,2026,2,5,May,2026-05,9,6,Saturday,19,True,False,2025-05-10
20260510,2026-05-10,2026,2,5,May,2026-05,10,7,Sunday,19,True,False,2025-05-11
20260511,2026-05-11,2026,2,5,May,2026-05,11,1,Monday,20,False,True,2025-05-12
20260512,2026-05-12,2026,2,5,May,2026-05,12,2,Tuesday,20,False,True,2025-05-13
20260513,2026-05-13,2026,2,5,May,2026-05,13,3,Wednesday,20,False,True,2025-05-14
20260514,2026-05-14,2026,2,5,May,2026-05,14,4,Thursday,20,False,True,2025-05-15
20260515,2026-05-15,2026,2,5,May,2026-05,15,5,Friday,20,False,False,2025-05-16
20260516,2026-05-16,2026,2,5,May,2026-05,16,6,Saturday,20,True,False,2025-05-17
20260517,2026-05-17,2026,2,5,May,2026-05,17,7,Sunday,20,True,False,2025-05-18
20260518,2026-05-18,2026,2,5,May,2026-05,18,1,Monday,21,False,True,2025-05-19
20260519,2026-05-19,2026,2,5,May,2026-05,19,2,Tuesday,21,False,True,2025-05-20
20260520,2026-05-20,2026,2,5,May,2026-05,20,3,Wednesday,21,False,True,2025-05-21
20260521,2026-05-21,2026,2,5,May,2026-05,21,4,Thursday,21,False,True,2025-05-22
20260522,2026-05-22,2026,2,5,May,2026-05,22,5,Friday,21,False,False,2025-05-23
20260523,2026-05-23,2026,2,5,May,2026-05,23,6,Saturday,21,True,False,2025-05-24
20260524,2026-05-24,2026,2,5,May,2026-05,24,7,Sunday,21,True,False,2025-05-25
20260525,2026-05-25,2026,2,5,May,2026-05,25,1,Monday,22,False,True,2025-05-26
20260526,2026-05-26,2026,2,5,May,2026-05,26,2,Tuesday,22,False,True,2025-05-27
20260527,2026-05-27,2026,2,5,May,2026-05,27,3,Wednesday,22,False,True,2025-05-28
20260528,2026-05-28,2026,2,5,May,2026-05,28,4,Thursday,22,False,True,2025-05-29
20260529,2026-05-29,2026,2,5,May,2026-05,29,5,Friday,22,False,False,2025-05-30
20260530,2026-05-30,2026,2,5,May,2026-05,30,6,Saturday,22,True,False,2025-05-31
20260531,2026-05-31,2026,2,5,May,2026-05,31,7,Sunday,22,True,False,2025-06-01
20260601,2026-06-01,2026,2,6,June,2026-06,1,1,Monday,23,False,True,2025-06-02
20260602,2026-06-02,2026,2,6,June,2026-06,2,2,Tuesday,23,False,True,2025-06-03
20260603,2026-06-03,2026,2,6,June,2026-06,3,3,Wednesday,23,False,True,2025-06-04
20260604,2026-06-04,2026,2,6,June,2026-06,4,4,Thursday,23,False,True,2025-06-05
20260605,2026-06-05,2026,2,6,June,2026-06,5,5,Friday,23,False,False,2025-06-06
20260606,2026-06-06,2026,2,6,June,2026-06,6,6,Saturday,23,True,False,2025-06-07
20260607,2026-06-07,2026,2,6,June,2026-06,7,7,Sunday,23,True,False,2025-06-08
20260608,2026-06-08,2026,2,6,June,2026-06,8,1,Monday,24,False,True,2025-06-09
20260609,2026-06-09,2026,2,6,June,2026-06,9,2,Tuesday,24,False,True,2025-06-10
20260610,2026-06-10,2026,2,6,June,2026-06,10,3,Wednesday,24,False,True,2025-06-11
20260611,2026-06-11,2026,2,6,June,2026-06,11,4,Thursday,24,False,True,2025-06-12
20260612,2026-06-12,2026,2,6,June,2026-06,12,5,Friday,24,False,False,2025-06-13
20260613,2026-06-13,2026,2,6,June,2026-06,13,6,Saturday,24,True,False,2025-06-14
20260614,2026-06-14,2026,2,6,June,2026-06,14,7,Sunday,24,True,False,2025-06-15
20260615,2026-06-15,2026,2,6,June,2026-06,15,1,Monday,25,False,True,2025-06-16
20260616,2026-06-16,2026,2,6,June,2026-06,16,2,Tuesday,25,False,True,2025-06-17
20260617,2026-06-17,2026,2,6,June,2026-06,17,3,Wednesday,25,False,True,2025-06-18
20260618,2026-06-18,2026,2,6,June,2026-06,18,4,Thursday,25,False,True,2025-06-19
20260619,2026-06-19,2026,2,6,June,2026-06,19,5,Friday,25,False,False,2025-06-20
20260620,2026-06-20,2026,2,6,June,2026-06,20,6,Saturday,25,True,False,2025-06-21
20260621,2026-06-21,2026,2,6,June,2026-06,21,7,Sunday,25,True,False,2025-06-22
20260622,2026-06-22,2026,2,6,June,2026-06,22,1,Monday,26,False,True,2025-06-23
20260623,2026-06-23,2026,2,6,June,2026-06,23,2,Tuesday,26,False,True,2025-06-24
20260624,2026-06-24,2026,2,6,June,2026-06,24,3,Wednesday,26,False,True,2025-06-25
20260625,2026-06-25,2026,2,6,June,2026-06,25,4,Thursday,26,False,True,2025-06-26
20260626,2026-06-26,2026,2,6,June,2026-06,26,5,Friday,26,False,False,2025-06-27
20260627,2026-06-27,2026,2,6,June,2026-06,27,6,Saturday,26,True,False,2025-06-28
20260628,2026-06-28,2026,2,6,June,2026-06,28,7,Sunday,26,True,False,2025-06-29
20260629,2026-06-29,2026,2,6,June,2026-06,29,1,Monday,27,False,True,2025-06-30
20260630,2026-06-30,2026,2,6,June,2026-06,30,2,Tuesday,27,False,True,2025-07-01
20260701,2026-07-01,2026,3,7,July,2026-07,1,3,Wednesday,27,False,True,2025-07-02
20260702,2026-07-02,2026,3,7,July,2026-07,2,4,Thursday,27,False,True,2025-07-03
20260703,2026-07-03,2026,3,7,July,2026-07,3,5,Friday,27,False,False,2025-07-04
20260704,2026-07-04,2026,3,7,July,2026-07,4,6,Saturday,27,True,False,2025-07-05
20260705,2026-07-05,2026,3,7,July,2026-07,5,7,Sunday,27,True,False,2025-07-06
20260706,2026-07-06,2026,3,7,July,2026-07,6,1,Monday,28,False,True,2025-07-07
20260707,2026-07-07,2026,3,7,July,2026-07,7,2,Tuesday,28,False,True,2025-07-08
20260708,2026-07-08,2026,3,7,July,2026-07,8,3,Wednesday,28,False,True,2025-07-09
20260709,2026-07-09,2026,3,7,July,2026-07,9,4,Thursday,28,False,True,2025-07-10
20260710,2026-07-10,2026,3,7,July,2026-07,10,5,Friday,28,False,False,2025-07-11
20260711,2026-07-11,2026,3,7,July,2026-07,11,6,Saturday,28,True,False,2025-07-12
20260712,2026-07-12,2026,3,7,July,2026-07,12,7,Sunday,28,True,False,2025-07-13
20260713,2026-07-13,2026,3,7,July,2026-07,13,1,Monday,29,False,True,2025-07-14
20260714,2026-07-14,2026,3,7,July,2026-07,14,2,Tuesday,29,False,True,2025-07-15
20260715,2026-07-15,2026,3,7,July,2026-07,15,3,Wednesday,29,False,True,2025-07-16
20260716,2026-07-16,2026,3,7,July,2026-07,16,4,Thursday,29,False,True,2025-07-17
20260717,2026-07-17,2026,3,7,July,2026-07,17,5,Friday,29,False,False,2025-07-18
20260718,2026-07-18,2026,3,7,July,2026-07,18,6,Saturday,29,True,False,2025-07-19
20260719,2026-07-19,2026,3,7,July,2026-07,19,7,Sunday,29,True,False,2025-07-20
20260720,2026-07-20,2026,3,7,July,2026-07,20,1,Monday,30,False,True,2025-07-21
20260721,2026-07-21,2026,3,7,July,2026-07,21,2,Tuesday,30,False,True,2025-07-22
20260722,2026-07-22,2026,3,7,July,2026-07,22,3,Wednesday,30,False,True,2025-07-23
20260723,2026-07-23,2026,3,7,July,2026-07,23,4,Thursday,30,False,True,2025-07-24
20260724,2026-07-24,2026,3,7,July,2026-07,24,5,Friday,30,False,False,2025-07-25
20260725,2026-07-25,2026,3,7,July,2026-07,25,6,Saturday,30,True,False,2025-07-26
20260726,2026-07-26,2026,3,7,July,2026-07,26,7,Sunday,30,True,False,2025-07-27
20260727,2026-07-27,2026,3,7,July,2026-07,27,1,Monday,31,False,True,2025-07-28
20260728,2026-07-28,2026,3,7,July,2026-07,28,2,Tuesday,31,False,True,2025-07-29
20260729,2026-07-29,2026,3,7,July,2026-07,29,3,Wednesday,31,False,True,2025-07-30
20260730,2026-07-30,2026,3,7,July,2026-07,30,4,Thursday,31,False,True,2025-07-31
20260731,2026-07-31,2026,3,7,July,2026-07,31,5,Friday,31,False,False,2025-08-01
20260801,2026-08-01,2026,3,8,August,2026-08,1,6,Saturday,31,True,False,2025-08-02
20260802,2026-08-02,2026,3,8,August,2026-08,2,7,Sunday,31,True,False,2025-08-03
20260803,2026-08-03,2026,3,8,August,2026-08,3,1,Monday,32,False,True,2025-08-04
20260804,2026-08-04,2026,3,8,August,2026-08,4,2,Tuesday,32,False,True,2025-08-05
20260805,2026-08-05,2026,3,8,August,2026-08,5,3,Wednesday,32,False,True,2025-08-06
20260806,2026-08-06,2026,3,8,August,2026-08,6,4,Thursday,32,False,True,2025-08-07
20260807,2026-08-07,2026,3,8,August,2026-08,7,5,Friday,32,False,False,2025-08-08
20260808,2026-08-08,2026,3,8,August,2026-08,8,6,Saturday,32,True,False,2025-08-09
20260809,2026-08-09,2026,3,8,August,2026-08,9,7,Sunday,32,True,False,2025-08-10
20260810,2026-08-10,2026,3,8,August,2026-08,10,1,Monday,33,False,True,2025-08-11
20260811,2026-08-11,2026,3,8,August,2026-08,11,2,Tuesday,33,False,True,2025-08-12
